ID,Comment
1,"This plane is trash.  Why was I ever folded?"
2,"Angela, please help me.  My plane can't fly."
3,"Why did we ever stoop so low to build a plane that fails."
4,"Angela just tested my paper plane, and overall, I'm really pleased with its performance! It glided smoothly and maintained a good straight path for about 10 meters before gradually descending. The wings had a slight upward angle, which helped it stay airborne longer than I expected. I might experiment with different folding techniques to enhance stability and maybe add some weight to the nose for better distance. Overall, a fun project with room for improvement—can't wait to tweak it and see how it performs next time!"
5,"I just finished testing my paper plane, and I'm thrilled with its performance! After some adjustments to the wings for better stability, it glided effortlessly across the room. The balance was just right, allowing for a smooth flight path and a nice long distance. I even tried a few different throwing techniques, and it consistently soared well. Overall, I feel like this design really nailed the aerodynamics, and I can't wait to experiment further with different folds and materials to see if I can improve it even more!"
6,"I just finished testing my paper plane, and I'm really impressed with how it performed! After a few adjustments to the wing shape and balance, it glided smoothly and stayed in the air longer than I expected. The flight path was pretty straight, with only a slight curve at the end, which I think I can improve on with a little more tuning. Overall, it was a fun experiment, and I'm excited to keep tweaking the design for even better distance and stability!"
7,"I just finished testing my paper plane, and I'm pretty pleased with its performance! It glided smoothly for about 15 feet before landing softly on the grass—definitely better than some of the earlier designs I tried. The wings provided good stability, and I think I might tweak the nose design next time to see if I can get even more distance. Overall, it was a fun experiment, and I can’t wait to try more designs!"
8,"I just finished testing my paper plane, and I have to say I’m pretty impressed with its performance! It glided smoothly and stayed airborne for a solid few seconds, which is way better than I expected. The folds I made were crucial—the wings had just the right angle for stability. I did notice that it dipped a bit to the left after a few feet, so I might tweak the symmetry on the wings next time to see if I can improve the flight path. Overall, it was a fun experience, and I can’t wait to experiment with different designs!"
9,"I tested my paper plane today, and I must say, it exceeded my expectations! After folding it carefully, I was impressed with its stability in the air. On the first throw, it glided smoothly and covered a good distance before gently looping down. I did a few adjustments to the wings for better aerodynamics, and on the next flight, it even soared higher and stayed airborne longer. Overall, I’m pleased with how it performed, and I can’t wait to experiment with different designs to see if I can improve its flight even more!"
10,"I recently folded and tested a paper plane, and I have to say, I was pleasantly surprised by its performance! The design I chose had a sleek aerodynamic shape, which really helped it glide smoothly through the air. During the tests, it flew straight for an impressive distance before gently gliding down. I think the weight distribution was on point, as it maintained stability throughout the flight. I also experimented with different throwing angles, and found that a moderate throw yielded the best results. Overall, I’m excited to refine my folding technique and maybe even try out some alternate designs for even better flights in the future!"
11,"I just finished testing my paper plane, and I have to say it performed surprisingly well! After a few tweaks to the wing design and ensuring the folds were sharp, it glided smoothly through the air. It soared for about 20 feet before gracefully landing. I was particularly impressed with its stability; there was minimal wobbling during flight. The nose didn't dive too steeply either, which helped maintain a good trajectory. Overall, I’m really pleased with the outcome and can’t wait to experiment with different designs to see if I can improve distance and flight time even further!"
12,"I recently folded and tested my paper plane, and I have to say, it performed surprisingly well! After a few adjustments to the wings for better stability, it soared across the room with a smooth glide. The distance was impressive, reaching nearly 15 feet before gently landing. I also noticed that when I threw it at different angles, it made a difference in the flight path. For a simple design, it really impressed me with its aerodynamic capabilities! I can't wait to experiment with different folds and materials to see if I can improve the performance even more."
13,"I was really pleased with how my paper plane performed! After careful folding and testing, it glided smoothly and stayed in the air longer than I expected. The aerodynamics of the design seemed to work well, allowing it to catch the wind just right. On my best throw, it soared about 20 feet before gently descending. I can't wait to experiment with different designs and see if I can improve its distance even more! Overall, it was a fun and educational experience!"
14,"I recently folded and tested my paper plane, and I have to say, it performed pretty well! After tweaking the wings for better lift, it glided smoothly across the room and maintained a nice straight trajectory. The distance it covered was impressive; it flew about 15 feet before gently landing. I was also surprised by how well it handled slight gusts of wind. Overall, I’d consider this design a success! Can't wait to try different folds and see if I can make it even better!"
15,"I'm really pleased with how my paper plane performed! After a few adjustments to the wing design and weight distribution, it glided smoothly and covered a good distance. It did some nice loops in the air and stayed stable throughout the flight. I’m excited to keep experimenting with different designs to see if I can improve its distance even more. Overall, it was a fun and rewarding experience!"
16,"I was really excited to test my paper plane, and overall, it performed quite well! After a few tweaks in the folding technique, it glided smoothly through the air and stayed aloft longer than I expected. The initial launch was a bit wobbly, but once I got the angle right, it soared straight and far. I was particularly impressed with its stability, even during slight gusts of wind. I think with a few more adjustments, it could achieve even greater distance. Can't wait to keep experimenting and see how I can improve its flight!"
17,"I just finished testing my paper plane, and I'm pretty impressed with its performance! After some tweaks to the fold and a balanced wing design, it flew remarkably well. It glided smoothly for about 15 meters before landing gracefully. I noticed that it had a nice stable flight path, which I think was due to the weight distribution I adjusted during the folding process. Overall, it was a fun experiment, and I can't wait to try out more designs to see how they compare!"
18,"I just finished testing my paper plane, and I'm pretty impressed with its performance! After some adjustments to the wings for better aerodynamics, it glided smoothly and covered a good distance. The balance was surprisingly excellent, allowing for steady flight without any dramatic nose dives or spins. I'm excited to make a few more tweaks to see if I can increase its distance even further! Overall, it was a fun experiment, and I can't wait to fold a few more designs to compare."
19,"I just finished folding and testing my paper plane, and I'm thrilled with how it performed! It glided smoothly for a good distance before gently descending. The balance was spot on, which really helped with stability during flight. I tried a few different designs, and the one with the pointed nose had the best performance—definitely flew the farthest. I can't wait to experiment with different folding techniques and see if I can make it fly even better! Overall, it was a fun hands-on experience that combined creativity and physics."
20,"After folding and testing my paper plane, I'm thrilled with its performance! It glided smoothly through the air and maintained a straight path for a surprisingly long distance. I noticed that the wings were well balanced, which contributed to its stability during flight. However, after a few launches, I realized it could benefit from a slight adjustment in the wing angles to improve lift. Overall, it was an enjoyable experiment, and I'm looking forward to making tweaks for an even better flight next time!"
21,"I just finished testing my paper plane, and I have to say, I’m pretty impressed with how it performed! It glided smoothly and had a nice, straight flight path. The wings held up well, and I noticed the plane did really well at catching the air, which helped it stay aloft longer than I expected. I think I might tweak the wing angles a bit for even better stability next time, but overall, it flew better than I anticipated! Can't wait for the next round of tests! "
22,"I just tested my paper plane, and it was quite an experience! It glided smoothly for a good distance before gently spiraling down. I think the folding technique made a big difference; I spent extra time ensuring the wings were perfectly symmetrical. Overall, it flew further than I expected, and I’ll definitely be experimenting with different designs and weights to see if I can improve its performance even more!"
23,"I just finished testing my paper plane, and I'm thrilled with its performance! It flew surprisingly far and straight, gliding smoothly through the air. I think the wing design really contributed to its stability. I did a few adjustments to the folds to enhance the aerodynamics, which definitely paid off. Overall, it was a fun experiment, and I can't wait to try out different designs and see if I can improve my distance even more!"
24,"I just tested my paper plane, and I'm really pleased with its performance! It flew straight for a solid 15 feet before gently gliding down. The folds were tight, which helped with stability, and I made sure it had a good wing shape for lift. I noticed that a slightly upward angle when launching really improved its distance. Overall, it was a fun experiment, and I can’t wait to tweak the design for even better results!"
25,"I just tested my paper plane, and I'm really pleased with its performance! It flew straight and glided smoothly for a good distance before gently landing. I made sure to adjust the wings slightly for better stability, and it definitely paid off. It's amazing how small changes can make such a difference! I'm excited to experiment with different designs and see if I can improve the distance even more. Overall, a fun and successful test flight!"
26,"I was really excited to test my paper plane after folding it! Overall, it performed quite well. It glided smoothly for a good distance before landing softly. I noticed that it took a slightly upward trajectory at first, which helped it stay airborne longer. However, I think I could improve the design a bit more for better stability. Maybe I'll experiment with different folding techniques or adjustments to the wings next time. It's amazing how small changes can make a big difference in flight performance!"
27,"I was pleasantly surprised by how well my paper plane performed! After taking the time to fold it carefully for maximum stability, it glided smoothly and stayed airborne longer than I expected. The slight adjustments I made to the wings really seemed to help with its aerodynamics. During testing, it flew a consistent distance and even made some impressive sharp turns. Overall, this experience taught me a lot about the importance of design and precision in creating a successful paper plane! Can't wait to experiment more with different folds and designs next time!"
28,"I just finished testing my paper plane, and I'm thrilled with the results! It glided smoothly for about 20 feet before gently touching down. The design I chose was a classic dart style, which really helped with stability and distance. I could see that the wings were well-balanced, and the slight downward angle I folded gave it an impressive lift. I also experimented with different throws, and a gentle toss yielded the best distance. Overall, it was a fun experiment, and I’m excited to tweak the design and see if I can improve the performance even further!"
29,"I’m really pleased with how my paper plane performed! After making some adjustments to the wings for better aerodynamics, it flew straight and glided smoothly across the room. The launch angle was perfect, and it covered a good distance before landing. I’ll definitely try out different designs and see if I can improve on the flight time and distance even more! Overall, it was a fun experiment and a great way to apply some principles of physics!"
30,"I folded my paper plane using a classic dart design, and I have to say, it flew impressively well! After a few test runs, it glided smoothly and maintained a straight path, covering a good distance. I experimented with different weights by adding a small paperclip to the nose, which seemed to enhance stability. The plane also held up well after multiple launches, showing no signs of wear. Overall, I'm really pleased with its performance! I can’t wait to try some different designs and see how they compare."
1,"I'm really pleased with how my paper plane performed! After folding it carefully, I took it outside for a test flight. It glided smoothly and traveled much farther than I expected. The design seemed to work well, allowing it to stay stable in the air despite a light breeze. I even made a few adjustments to the wings for better lift, and I could see a noticeable improvement in distance. Overall, it was a fun and rewarding experiment, and I can't wait to try out some different designs next!"
2,"I recently folded a paper plane and took it for a test flight, and I have to say, it exceeded my expectations! The design I chose had a nice balance between aerodynamic efficiency and stability. On its first flight, it soared smoothly and straight for over 15 feet before gently gliding to the ground. I noticed that the wings held their shape really well, which contributed to its impressive distance. However, on some throws, it tended to nosedive a bit, so I might tweak the wing angles next time for better lift. Overall, it was a fun and rewarding experiment! Can’t wait to try new designs and see if I can improve its performance even further!"
3,"I tested my paper plane today, and I was pleasantly surprised by its performance! It glided smoothly for about 10 meters before doing a gentle dive. The design seemed to create a good balance between lift and stability, which made for a nice, straight flight path initially. I think I could improve it by adjusting the wing angles slightly for better aerodynamics. Overall, it was a fun experiment, and I can’t wait to try out different designs!"
4,"I recently folded and tested my paper plane, and I have to say, I was pleasantly surprised by its performance! After making a few adjustments to the wing shape and adding some weight to the nose, it flew straight and glided for quite a distance. The initial throws were a bit wobbly, but once I found the right angle and force, it soared smoothly through the air. Overall, it was a fun project, and I’m excited to experiment with different designs to see if I can improve its flight even further!"
5,"I was really excited to test my paper plane after folding it! Overall, it performed surprisingly well. The glide was smooth, and it flew straight for quite a distance before slowly descending. I experimented with different throwing techniques, and a gentle toss seemed to give the best results. However, I noticed that the wings could use a little more reinforcement, as they started to bend after a few flights. I’ll definitely make some adjustments and try again! Overall, it's been a fun and educational experience!"
6,"I tested my paper plane today, and I have to say, it flew remarkably well! After a few adjustments to the wing shape and ensuring the folds were crisp, it glided smoothly across the room. The flight distance was impressive, reaching almost the entire length of the hall. I noticed that it performed best with a gentle throw, allowing it to soar and maintain stability. Overall, I'm really pleased with the design, and I can't wait to experiment with different weights and wing configurations for even better performance!"
7,"I was really impressed with how my paper plane turned out! After folding it carefully and adjusting the wings for balance, it glided smoothly through the air on its first flight. I managed to get a distance of about 15 feet before it started to nosedive slightly, which I think was due to a bit of extra weight in the nose from the folds. Overall, it flew pretty straight and stayed in the air longer than I expected. I'm excited to try out some design tweaks and see if I can improve the flight distance even more next time!"
8,"I just finished testing my paper plane, and I'm really excited about the results! It glided smoothly and covered a good distance on its first flight, which was impressive. I noticed that the wings maintained a nice angle, helping it stay stable in the air. However, it did nose-dive a bit on one of the throws, so I think I might need to adjust the weight distribution. Overall, it was a fun experiment, and I'm looking forward to tweaking the design for even better performance!"
9,"I recently folded a paper plane and was really impressed with its performance! After a few test flights, I found that it glided smoothly and maintained a stable trajectory. The design had a good balance between lift and drag, allowing it to soar for quite a distance. I experimented with different throwing angles and found that a gentle toss yielded the best results. Overall, it was a fun experience, and I'm excited to try out different designs to see how they compare!"
10,"I just finished testing my paper plane, and I'm really impressed with its performance! It flew a straight path and glided smoothly for a good distance. The initial launch was pretty strong, and it stayed airborne longer than I expected. I think the wing design helped with stability, and I even tried some slight adjustments after a few test flights, which improved the distance a bit more. Overall, it was a fun experiment, and I can’t wait to try different designs to see how they compare!"
11,"I just finished testing my paper plane, and I'm thrilled with the results! It glided smoothly and stayed airborne for a surprisingly long time, thanks to the balanced folds I made. The nose design really helped with aerodynamics, minimizing any wobbling during flight. I managed to hit a distance of over 20 feet on my best throw! I’ll definitely be making some adjustments to improve its stability further—maybe trying a different wing shape next. Overall, it was a fun experiment, and I can’t wait to test out some new designs!"
12,"I was really impressed with how my paper plane performed! After folding it with a focus on aerodynamics, it glided smoothly and soared for a good distance. The balance was spot on, and it stayed level for most of its flight, which I think contributed to its impressive airtime. I did notice that it started to nosedive a bit after a few throws, so I might tweak the wing shape next time for better stability. Overall, it was a fun experiment, and I learned a lot about how small adjustments can make a big difference in performance!"
13,"I just tested my paper plane, and I'm really happy with its performance! It glided smoothly and managed to fly over 15 feet on its maiden flight. The design I chose seemed to balance stability and distance well, but I think I can tweak the wing angles for even better lift. Overall, it was an exciting test run, and I can't wait to make some adjustments and see how far I can push it!"
14,"After folding and testing my paper plane, I'm excited to share its performance! It glided smoothly and covered a good distance before landing. The balance was surprisingly effective, and it flew straight without any major wobbles. I did notice that slight adjustments to the wings could improve stability even further. Overall, it was a fun experiment, and I’m definitely inspired to create more designs and see how they compare!"
15,"I just finished testing my paper plane, and I'm really impressed with how it performed! After some initial adjustments to the wings for better stability, it glided smoothly and covered a good distance. The design held up well, and I noticed that it really excelled in maintaining a straight flight path. For my next test, I think I'll try using different types of paper to see if I can improve the distance even further. Overall, it was a fun project, and I learned a lot about aerodynamics through trial and error!"
16,"I tested my paper plane today, and I was really impressed with how it performed! It glided smoothly and traveled quite a distance before landing. The wing design seemed to give it great stability, which helped it stay in the air longer than I expected. A few adjustments to the weight distribution made a noticeable difference in its flight pattern. Overall, I'm excited to keep experimenting with different folds and see if I can improve its performance even further!"
17,"I just finished testing my paper plane, and I have to say, it performed surprisingly well! It glided smoothly and stayed airborne longer than I expected. The initial launch was a bit shaky, but once it caught the air, it flew straight and far. I made a few adjustments to the wings for better stability, which really paid off. Overall, I'm pleased with how it turned out and can’t wait to make more modifications for even better performance!"
18,"I recently folded a paper plane and took it for a test flight, and I was pleasantly surprised by its performance! It flew straight and glided smoothly for a good distance before gently descending. The wing shape really helped with stability, and I noticed that a slight upward bend at the back improved its lift. However, it could have benefited from a bit more weight in the nose to avoid some minor nose dives during landing. Overall, it was a fun and successful experiment, and I'm excited to tweak the design for even better flight performance next time!"
19,"I recently tested my paper plane, and I have to say, I was pretty impressed with its performance! After some careful folding and adjusting for balance, it glided smoothly and stayed in the air longer than I expected. The initial throws were a bit rough, but after tweaking the wing angles a bit, it really soared. It even made a nice, gentle curve before landing—definitely better than my previous attempts! I’m excited to keep experimenting with designs and see how far I can improve its flight distance. Overall, a fun and educational experience!"
20,"I'm really pleased with how my paper plane performed! After folding it carefully, I took it outside for a test flight, and it glided smoothly with an impressive distance. The wings held up well, and it maintained a stable trajectory throughout the flight. I was particularly thrilled with its ability to soar for several seconds before gently descending. I think the balanced design really made a difference. I can't wait to experiment with different folds and see if I can extend the flight time even further!"
21,"I tested my paper plane today, and the results were pretty interesting! It had a smooth launch and glided for a longer distance than I expected. The design seemed to hold up well in the air, but it did start to veer off course after a few seconds. I think I might need to adjust the wings slightly for better stability next time. Overall, it was a fun experiment and I’m excited to make some modifications and see if I can improve its performance!"
22,"I was pleasantly surprised by how well my paper plane performed! After careful folding, it glided smoothly through the air and managed to stay aloft longer than I expected. I made a few adjustments to the wings for better stability, and it really paid off. The distance was impressive, covering about 15 feet on its best flight! Overall, it was a fun experiment, and I can't wait to try different designs to see how they compare."
23,"I just finished testing my paper plane, and I'm pleasantly surprised with how it flew! It glided smoothly for a good distance, and the angle of the wings really helped with stability. I made a few adjustments to the fold for better aerodynamics, and it definitely paid off. The plane even did some slight loops in the air, which was awesome to see! Overall, I think it performed really well, but I’m excited to make a few more tweaks and see if I can get it to fly even farther!"
24,"I just finished testing my paper plane, and I have to say, I’m quite impressed with its performance! It glided smoothly and maintained a steady flight path, which really showcased the balance I achieved while folding it. On the first throw, it soared about 15 feet before gently landing, and with a few adjustments to the wings for better aerodynamics, the second flight was even better, hitting about 20 feet! It handled slight wind well and felt stable throughout. Overall, this was a fun and successful paper plane design experiment! Can't wait to try out more variations."
25,"I just finished testing my paper plane, and overall, it performed really well! It glided smoothly and stayed airborne longer than I expected. The initial toss was a bit rough, but after a couple of adjustments to the wings for better aerodynamics, it soared much straighter and farther. I think I’ll try experimenting with different designs and weights next time to see if I can improve its distance even more. Can't wait for the next round of tests!"
26,"I was really surprised by how well my paper plane performed! After some careful folding and a few test throws, it glided smoothly and maintained a straight trajectory. I added some weight to the nose, which seemed to help with stability. On horizontal throws, it covered a good distance before gently descending. I also noticed that a slight upward angle on the launch helped it catch more air. Overall, it was a fun experiment, and I can’t wait to try out different designs to see if I can improve the flight distance even more!"
27,"I recently tested my paper plane, and I have to say, I was pleasantly surprised by its performance! It soared through the air with a smooth glide and traveled a good distance before gently landing. The balance was great, and it stayed stable throughout the flight, which I think is thanks to the wing design I chose. I did notice that slight adjustments to the wings could improve its aerodynamics even further. Overall, it was a fun and educational experience, and I'm looking forward to making tweaks for even better performance next time!"
28,"I just finished testing my paper plane, and I'm pretty impressed with how it turned out! After some initial adjustments, it flew much farther than I expected, gliding smoothly through the air before landing softly. The balance was spot on, and it maintained a nice straight trajectory, with only a slight drift to the left. I think the wing design really made a difference. Overall, it was a fun experiment, and I can't wait to try folding a different style to see how that performs!"
29,"I recently folded and tested my paper plane, and I have to say, it flew surprisingly well! After some careful adjustments to the wings, I noticed a significant improvement in its glide and stability. It soared straight for about 15 feet before gently descending. I was particularly impressed with how it handled slight breezes; the design kept it on course rather than veering off. Overall, it was a fun experiment, and I can’t wait to try out different designs to see how they perform!"
30,"I had a great time testing my paper plane! After spending some time folding it for optimal aerodynamics, I was pleasantly surprised by its performance. It glided smoothly and covered a good distance, making wide loops in the air before landing. The balance was really impressive, and it held up well against a bit of wind. I’m definitely looking forward to refining my design and seeing if I can make it even faster and more stable on its next flight!"
1,"I just tested my paper plane, and I have to say, I was pleasantly surprised with its performance! It soared through the air for a good 15 seconds before gently gliding down. The design really contributed to its stability, and I think the balance was spot-on. I did a couple of adjustments to the wings to enhance lift, and it seemed to make a noticeable difference. Overall, I had a lot of fun flying it, and now I’m eager to make some tweaks for even better distance on my next flight!"
2,"I was really impressed with how my paper plane performed! After some adjustments to the wing angles and body structure, it flew surprisingly well. It glided smoothly and maintained a steady flight path, covering a good distance before landing. The initial throws were a bit wobbly, but with a few tweaks, I found just the right balance. Overall, it was a fun experiment, and I learned a lot about aerodynamics! I can't wait to try out different designs next time!"
3,"I recently folded and tested my paper plane, and I was pleasantly surprised by its performance! It glided smoothly and maintained a straight trajectory, which I attribute to its streamlined design. After a few adjustments to the wings, I noticed a significant improvement in distance and stability. My best throw landed over 15 feet away, which felt pretty impressive for a simple paper craft! I can't wait to experiment with different folding techniques and see how those changes affect its flight. Overall, it was a fun and educational experience!"
4,"I recently folded and tested my paper plane, and I have to say, I was pleasantly surprised by its performance! After making a couple of adjustments to the wing shape, it glided smoothly and covered a decent distance. The design I chose really helped it maintain stability in the air, and it even performed a few nice loops before landing. Overall, I think my tweaks made a big difference, and I can't wait to try out different designs to see how far I can push its performance!"
5,"I just finished testing my paper plane, and I have to say, it performed surprisingly well! After a few adjustments to the wings and weight distribution, it soared smoothly and glided farther than I expected. The initial throws were a bit wobbly, but once I found the right throwing angle, it went straight and stable. Overall, I’m really pleased with the design and can't wait to try out more variations to see how they compare!"
6,"I was really impressed with how my paper plane performed! After folding it carefully and adjusting the wings for balance, it soared beautifully with a smooth glide. I did a few test flights, and it consistently flew straight and far, which was super satisfying to watch. I also noticed that slight adjustments in wing shape made a noticeable difference in its stability. Overall, it was a fun experiment, and I'm excited to keep tweaking the design to see if I can improve its distance even more!"
7,"I recently tested my paper plane, and I was pleasantly surprised by its performance! After a few adjustments to the wings for better lift, it soared smoothly and straight for about 15 meters before gently gliding down. The design and weight distribution seemed just right, and it handled the wind surprisingly well. I think I’ll experiment with different folds and materials next time to see if I can improve the distance even more! Overall, it was a fun and rewarding experience!"
8,"I folded my paper plane with a classic dart design, and I'm really pleased with how it performed! It flew straight and glided smoothly for quite a distance before landing. I think the precision in my folds made a significant difference in its stability. I tested it several times, adjusting the wing angles slightly, and it consistently achieved a good flight path. Overall, this was a fun experiment, and I’m excited to try out different designs to see if I can improve the distance and flight time even more!"
9,"I folded my paper plane using a standard A4 sheet, and I was pleasantly surprised by its performance! After a few test flights, it glided smoothly and covered significant distance. I made sure to adjust the wings for better stability, and it really paid off—each throw was consistent. The design I chose had a nice balance between speed and control. I can't wait to experiment with different folds and designs to see if I can improve its flight even more! Overall, it was a fun and educational experience!"
10,"I had a lot of fun testing my paper plane! After some careful folding and adjustments, it flew surprisingly well. On its first flight, it glided smoothly for about 15 feet before landing softly. I noticed that the wings were balanced, which really helped with stability. However, on a few of my attempts, the nose dipped a bit too quickly, causing it to nosedive. I think I might need to fine-tune the wing angles for better lift. Overall, it was a great experience, and I’m excited to experiment more with different designs!"
11,"I just finished folding and testing my paper plane, and I have to say, it performed pretty well! It glided smoothly across the room and made a nice, wide arc before landing softly. The balance seemed just right, allowing it to stay airborne longer than I expected. I made a couple of adjustments to the wings to improve stability, which really paid off. Overall, I'm impressed with how a simple piece of paper can fly so effectively! Can't wait to try some different designs next time!"
12,"I had a great time folding and testing my paper plane! After some trial and error with different designs, I finally settled on a classic dart style. When I threw it, it soared smoothly and glided for a long distance—much farther than I expected! The nose stayed pointed straight ahead, which helped with stability. I did notice that it tended to nosedive a bit on the last part of the flight, so I think adjusting the weight distribution could help improve the performance even more. Overall, it was a fun experiment, and I can't wait to try out some new designs!"
13,"After folding and testing my paper plane, I'm really impressed with its performance! It glided smoothly and covered a good distance before landing. The design I chose seemed to help with stability, as it didn't veer off course at all. There was a bit of trial and error with the weight distribution—adding a small paper clip on the nose improved its flight significantly. Overall, I had a lot of fun experimenting with different folds and adjustments, and I can’t wait to try out more designs to see how they compare!"
14,"I recently folded a paper plane and put it to the test, and I’m pleasantly surprised by its performance! The design I chose had a sleek, pointed nose which helped it slice through the air smoothly. After a few practice throws, I found that the plane glided gracefully and maintained impressive distance, traveling about 15 feet before landing softly on the ground. The balance was spot on, and I noticed that when I adjusted the wing angles slightly, it soared even better! Overall, I’d say this paper plane folded up nicely into a fun and effective glider! I can’t wait to experiment with different designs and see how they compare."
15,"I just tested my paper plane, and I’m thrilled with how it performed! It glided smoothly for a good distance, catching some nice air currents along the way. The design held up well, and it stayed straight in its flight path without any wobbles. I think the weight distribution was just right, which helped with stability. I’ll definitely be experimenting with different designs and folds next time to see if I can improve on the distance even more! Overall, it was a fun and educational experience."
16,"I tested my paper plane today, and I was really impressed with its performance! It glided smoothly and traveled a good distance before gently landing. The initial launch was nice and straight, and I could see that the folds I made were helping it maintain stability in the air. There was a slight drift to the right, but overall, it took a lovely path. I think I could improve its performance by adjusting the wings a bit more for better balance. Can't wait to test it again!"
17,"I just finished testing my paper plane, and I'm really excited about how it performed! After a few adjustments to the folds, it flew straight and glided for a surprisingly long distance before landing softly. I was a bit worried about the weight distribution at first, but it turned out that adding just a small amount of tape at the front helped stabilize the flight. The plane had a nice, smooth launch and maintained altitude well. Overall, I'm thrilled with the results, and I can't wait to try more designs and see if I can improve its performance even further!"
18,"I just finished testing my paper plane, and I'm really impressed with its performance! The design I chose glided smoothly and stayed airborne longer than I expected. It flew straight and had a nice, stable trajectory, which made it easy to control. I did notice that it performed best with a bit of a gentle throw rather than a hard launch. Overall, it was a fun and satisfying experience, and I can't wait to try tweaking the wings for even better flight!"
19,"I just finished testing my paper plane, and I have to say, it performed surprisingly well! After a few adjustments to the wings and tail for better balance, it glided smoothly through the air. On its best flight, it soared for about 10 seconds before landing softly. I was really impressed with how stable it was, even in a slight breeze. I'm looking forward to making some more tweaks to see if I can improve its distance or maybe even perform some tricks! Overall, it was a fun and educational experience."
20,"I was really pleased with how my paper plane performed during the test! It glided smoothly and took off with a decent amount of momentum. The design I chose allowed it to maintain a steady trajectory, and it even had some impressive distance – flying over 20 feet! However, I noticed that it started to nosedive a bit towards the end, so I think I’ll tweak the wings slightly for better stability next time. Overall, it was a fun experiment, and I can’t wait to try out new designs!"
21,"I just finished testing my paper plane, and I have to say, it performed surprisingly well! After some careful folding, it glided smoothly through the air with a nice, stable flight path. I managed to achieve a distance of about 12 feet on my best throw, which I'm pretty proud of. The design I chose gave it a good balance between speed and stability. I did notice that it tended to nose-dive a bit after a certain distance, so I might tweak the wings for better lift next time. Overall, it was a fun experiment, and I’m excited to keep refining my design!"
22,"I recently folded and tested my paper plane, and I have to say it flew surprisingly well! After making a few adjustments to the wings for better aerodynamics, the plane glided smoothly and covered quite a distance. I was really impressed with its stability in the air—no crazy spins or dives! On its best flight, it soared for about 15 seconds before landing softly. I think I might tweak the design a bit more to see if I can improve the distance even further. Overall, it was a fun and educational experience!"
23,"I recently folded a paper plane and was really impressed with its performance! After a few test flights, I noticed that it glided smoothly and covered a good distance. The design I chose had a nice balance, which seemed to help with stability in the air. I experimented with slight adjustments to the wings, and it definitely made a difference in the flight path—less nose-diving and more soaring! Overall, it was a fun experiment, and I can't wait to try different designs to see if I can improve even more."
24,"I had a lot of fun testing my paper plane! It glided surprisingly well, covering a good distance before gently landing. The balance was pretty spot-on, which helped it stay straight during flight. I did notice that adjusting the wings a bit improved its stability, allowing it to soar even further. Overall, I'm really pleased with how it turned out and can't wait to experiment with different designs to see if I can improve its performance even more!"
25,"I just finished testing my paper plane, and I have to say, it performed surprisingly well! It glided smoothly through the air, staying aloft for what felt like an eternity. The design I chose really emphasized stability, which I think made a big difference. I noticed that it soared best when thrown at a gentle angle, and I even managed to achieve a few impressive long-distance flights. Overall, I'm really pleased with the results, and I can't wait to experiment with different designs to see if I can improve on its performance even further!"
26,"I just finished folding and testing my paper plane, and I'm pretty impressed with its performance! It soared beautifully for about 15 seconds before gently gliding to the ground. The design I used really helped with stability, and I noticed it made some smooth, wide turns in the air. I think there's definitely room for improvement, though—I want to experiment with different wing shapes to see if I can achieve even longer flight times. Overall, it was a fun and successful test!"
27,"I recently folded and tested my paper plane, and I have to say, I was pleasantly surprised with how it performed! The design I chose had a sleek aerodynamic shape, which really helped with stability. During the first test flight, it soared through the air for about 15 feet before gently gliding down. I noticed that it maintained its trajectory well and didn’t veer off course too much, which was great to see. After a few tweaks to the wing folds for better lift, it flew even further on the second try! Overall, it was a fun experiment, and I’m excited to try different designs and see how they compare. Can't wait for the next test flight!"
28,"I really enjoyed testing my paper plane! It flew surprisingly well on its first few throws, gliding smoothly and maintaining a good distance. The balance was pretty solid, but I noticed that it tended to nose-dive a bit if I threw it too hard. After adjusting the wing folds slightly, it improved significantly, staying level longer and flying farther. Overall, it was a fun experiment, and I learned a lot about how small changes can impact flight performance! Looking forward to making more iterations and seeing how I can improve it further!"
29,"I had a lot of fun testing my paper plane! It glided smoothly for about 10 feet before starting to wobble a bit. I think the balance was slightly off, but overall, it stayed in the air longer than I expected. With a few tweaks to the wings and a sharper fold, I believe it could fly even farther. Can't wait to try some modifications and see how it performs next time!"
30,"I just finished testing my paper plane, and I have to say, I'm pretty impressed with its performance! After folding it carefully, I made sure the wings were symmetrical and adjusted the nose for better aerodynamics. When I launched it, it glided smoothly and covered a good distance. The slight upward tilt helped it gain some altitude before softly descending. Overall, it flew straight and didn’t wobble too much, which was a pleasant surprise! I think with a few tweaks, I could improve its flight time even further. Can't wait to experiment with different designs next!"
